
insert into user_account (user_id, user_password, nickname, email, memo, created_at, created_by, modified_at, modified_by) values
    ('elsom1', '{noop}f1234', 'elsom1', 'elsom1@mail.com', 'elsom1rocks.', now(), 'elsom1', now(), 'elsom1');
insert into user_account (user_id, user_password, nickname, email, memo, created_at, created_by, modified_at, modified_by) values
    ('elsom2', '{noop}f1234', 'elsom2', 'elsom2@mail.com', 'elsom2rocks.', now(), 'elsom2', now(), 'elsom2');
insert into user_account (user_id, user_password, nickname, email, memo, created_at, created_by, modified_at, modified_by) values
    ('elsom3', '{noop}f1234', 'elsom3', 'elsom3@mail.com', 'elsom3rocks.', now(), 'elsom3', now(), 'elsom3');
-- test user, TODO: password hidden needed

insert into article (id, created_at, created_by, modified_at, modified_by, content, hashtag, title, user_account_user_id) values (1, '2022-12-23', 'Hollis', '2022-03-13', 'Marje', 'Vequaud', 'Alizée', 'Kris', 'elsom2');
insert into article (id, created_at, created_by, modified_at, modified_by, content, hashtag, title, user_account_user_id) values (2, '2022-10-25', 'Clarisse', '2022-08-26', 'Brennen', 'Pippard', 'Gwenaëlle', 'Lyssa', 'elsom1');
insert into article (id, created_at, created_by, modified_at, modified_by, content, hashtag, title, user_account_user_id) values (3, '2023-01-12', 'Joli', '2022-05-19', 'Elroy', 'MacGaughie', 'Néhémie', 'Kylila', 'elsom2');
insert into article (id, created_at, created_by, modified_at, modified_by, content, hashtag, title, user_account_user_id) values (4, '2022-06-24', 'Erny', '2022-12-10', 'Nicky', 'Hartright', 'Maéna', 'Ciel', 'elsom1');
insert into article (id, created_at, created_by, modified_at, modified_by, content, hashtag, title, user_account_user_id) values (5, '2022-10-05', 'Isador', '2022-11-01', 'Marven', 'Manolov', 'Sélène', 'Delcine', 'elsom1');
insert into article (id, created_at, created_by, modified_at, modified_by, content, hashtag, title, user_account_user_id) values (6, '2023-01-30', 'Benedikta', '2022-10-07', 'Dorice', 'Eaves', 'Séréna', 'Patricia', 'elsom3');
insert into article (id, created_at, created_by, modified_at, modified_by, content, hashtag, title, user_account_user_id) values (7, '2022-12-01', 'Cally', '2023-01-31', 'Ernst', 'Jillett', 'Nuó', 'Melania', 'elsom2');
insert into article (id, created_at, created_by, modified_at, modified_by, content, hashtag, title, user_account_user_id) values (8, '2022-07-23', 'Hall', '2022-07-25', 'Rock', 'Di Maria', 'Yóu', 'Karine', 'elsom1');
insert into article (id, created_at, created_by, modified_at, modified_by, content, hashtag, title, user_account_user_id) values (9, '2022-10-11', 'Pennie', '2022-06-02', 'Quillan', 'Vasyukov', 'Kallisté', 'Fawne', 'elsom3');
insert into article (id, created_at, created_by, modified_at, modified_by, content, hashtag, title, user_account_user_id) values (10, '2022-03-28', 'Cissiee', '2022-12-09', 'Claudelle', 'Creaven', 'Alizée', 'Glyn', 'elsom2');
insert into article (id, created_at, created_by, modified_at, modified_by, content, hashtag, title, user_account_user_id) values (11, '2022-06-04', 'Odille', '2022-03-17', 'Debora', 'Gaveltone', 'Andréanne', 'Cathi', 'elsom2');
insert into article (id, created_at, created_by, modified_at, modified_by, content, hashtag, title, user_account_user_id) values (12, '2022-07-21', 'Leonhard', '2023-01-27', 'Fredericka', 'Nappin', 'Maï', 'Bernice', 'elsom3');
insert into article (id, created_at, created_by, modified_at, modified_by, content, hashtag, title, user_account_user_id) values (13, '2023-01-06', 'Keary', '2022-10-05', 'Melosa', 'Delamar', 'Maïté', 'Louisette', 'elsom3');
insert into article (id, created_at, created_by, modified_at, modified_by, content, hashtag, title, user_account_user_id) values (14, '2022-11-23', 'Elsworth', '2023-01-23', 'Calvin', 'Benford', 'Mélanie', 'Shea', 'elsom2');
insert into article (id, created_at, created_by, modified_at, modified_by, content, hashtag, title, user_account_user_id) values (15, '2022-07-20', 'Cullan', '2022-10-04', 'Prisca', 'Sixsmith', 'Chloé', 'Vikky', 'elsom3');
insert into article (id, created_at, created_by, modified_at, modified_by, content, hashtag, title, user_account_user_id) values (16, '2022-10-25', 'Lucille', '2022-04-03', 'Melissa', 'Barnwill', 'Rébecca', 'Tasia', 'elsom3');
insert into article (id, created_at, created_by, modified_at, modified_by, content, hashtag, title, user_account_user_id) values (17, '2022-09-02', 'Patsy', '2022-08-15', 'Rochell', 'Sorbey', 'Annotée', 'Maressa', 'elsom3');
insert into article (id, created_at, created_by, modified_at, modified_by, content, hashtag, title, user_account_user_id) values (18, '2022-12-11', 'Gabbi', '2022-05-30', 'Ellerey', 'Meadway', 'Mahélie', 'Valaria', 'elsom1');
insert into article (id, created_at, created_by, modified_at, modified_by, content, hashtag, title, user_account_user_id) values (19, '2022-07-19', 'Ludwig', '2022-04-08', 'Janeczka', 'Barnby', 'Cléa', 'Ajay', 'elsom2');
insert into article (id, created_at, created_by, modified_at, modified_by, content, hashtag, title, user_account_user_id) values (20, '2022-12-29', 'Darnell', '2023-01-30', 'Becca', 'Chillingsworth', 'Eloïse', 'Kara-lynn', 'elsom2');
insert into article (id, created_at, created_by, modified_at, modified_by, content, hashtag, title, user_account_user_id) values (21, '2022-05-13', 'Bruce', '2022-04-08', 'Doyle', 'Eacle', 'Laurélie', 'Jacinta', 'elsom2');
insert into article (id, created_at, created_by, modified_at, modified_by, content, hashtag, title, user_account_user_id) values (22, '2022-05-31', 'Cassandre', '2022-09-09', 'Zachary', 'Gotthard.sf', 'Marie-hélène', 'Lara', 'elsom3');
insert into article (id, created_at, created_by, modified_at, modified_by, content, hashtag, title, user_account_user_id) values (23, '2022-10-01', 'Abbe', '2022-12-26', 'Tonia', 'Gonzalez', 'Wá', 'Fredia', 'elsom1');
insert into article (id, created_at, created_by, modified_at, modified_by, content, hashtag, title, user_account_user_id) values (24, '2022-10-19', 'Evelina', '2022-06-27', 'Clevie', 'Perrygo', 'Régine', 'Trudey', 'elsom1');
insert into article (id, created_at, created_by, modified_at, modified_by, content, hashtag, title, user_account_user_id) values (25, '2022-10-20', 'Frazer', '2022-04-21', 'Fancy', 'Ould', 'Anaïs', 'Aurelia', 'elsom2');
insert into article (id, created_at, created_by, modified_at, modified_by, content, hashtag, title, user_account_user_id) values (26, '2022-05-10', 'Ive', '2022-04-01', 'Emelyne', 'Sweetland', 'Marie-noël', 'Adelaida', 'elsom2');
insert into article (id, created_at, created_by, modified_at, modified_by, content, hashtag, title, user_account_user_id) values (27, '2022-11-11', 'Desi', '2022-09-10', 'Freeman', 'Parlor', 'Vénus', 'Salome', 'elsom1');
insert into article (id, created_at, created_by, modified_at, modified_by, content, hashtag, title, user_account_user_id) values (28, '2022-06-15', 'Meridel', '2022-05-01', 'Mohandas', 'Baulk', 'Cloé', 'Kendre', 'elsom1');
insert into article (id, created_at, created_by, modified_at, modified_by, content, hashtag, title, user_account_user_id) values (29, '2022-10-21', 'Roma', '2022-11-18', 'Nanice', 'Brittan', 'Estève', 'Winny', 'elsom3');
insert into article (id, created_at, created_by, modified_at, modified_by, content, hashtag, title, user_account_user_id) values (30, '2022-03-09', 'Tedda', '2022-11-18', 'Vincents', 'Douris', 'Dà', 'Alysa', 'elsom2');
insert into article (id, created_at, created_by, modified_at, modified_by, content, hashtag, title, user_account_user_id) values (31, '2022-11-16', 'Jammie', '2022-03-09', 'Brice', 'Shorto', 'Yáo', 'Devon', 'elsom3');
insert into article (id, created_at, created_by, modified_at, modified_by, content, hashtag, title, user_account_user_id) values (32, '2022-02-16', 'Morten', '2022-10-26', 'Shelden', 'Grigoroni', 'Léone', 'Marris', 'elsom1');
insert into article (id, created_at, created_by, modified_at, modified_by, content, hashtag, title, user_account_user_id) values (33, '2022-10-16', 'Kizzie', '2023-01-21', 'Alane', 'Coggen', 'Ráo', 'Florence', 'elsom1');
insert into article (id, created_at, created_by, modified_at, modified_by, content, hashtag, title, user_account_user_id) values (34, '2022-09-11', 'Michal', '2022-05-17', 'Ludovika', 'Ivanets', 'Geneviève', 'Alisha', 'elsom1');
insert into article (id, created_at, created_by, modified_at, modified_by, content, hashtag, title, user_account_user_id) values (35, '2023-02-04', 'Lazarus', '2022-10-02', 'Carlen', 'Ettridge', 'Clémence', 'Malinda', 'elsom2');
insert into article (id, created_at, created_by, modified_at, modified_by, content, hashtag, title, user_account_user_id) values (36, '2022-11-06', 'Lena', '2022-08-29', 'Jermaine', 'Limb', 'Frédérique', 'Frayda', 'elsom2');
insert into article (id, created_at, created_by, modified_at, modified_by, content, hashtag, title, user_account_user_id) values (37, '2023-01-04', 'Kathrine', '2022-12-20', 'Pierette', 'Loyley', 'Maïté', 'Quinta', 'elsom3');
insert into article (id, created_at, created_by, modified_at, modified_by, content, hashtag, title, user_account_user_id) values (38, '2022-11-14', 'Rosabel', '2022-09-12', 'Heindrick', 'Shercliff', 'Athéna', 'Nikkie', 'elsom2');
insert into article (id, created_at, created_by, modified_at, modified_by, content, hashtag, title, user_account_user_id) values (39, '2022-10-07', 'Charley', '2022-10-25', 'Betsey', 'Ely', 'Crééz', 'Cleo', 'elsom3');
insert into article (id, created_at, created_by, modified_at, modified_by, content, hashtag, title, user_account_user_id) values (40, '2022-12-29', 'Everard', '2022-06-20', 'Lion', 'Croom', 'Yénora', 'Wilhelmine', 'elsom2');
insert into article (id, created_at, created_by, modified_at, modified_by, content, hashtag, title, user_account_user_id) values (41, '2022-11-16', 'Raven', '2022-11-25', 'Noach', 'Yielding', 'Noëlla', 'Ollie', 'elsom2');
insert into article (id, created_at, created_by, modified_at, modified_by, content, hashtag, title, user_account_user_id) values (42, '2023-01-03', 'Cad', '2022-08-05', 'Bertina', 'Martill', 'Loïca', 'Cynthia', 'elsom1');
insert into article (id, created_at, created_by, modified_at, modified_by, content, hashtag, title, user_account_user_id) values (43, '2022-11-18', 'Cynthea', '2022-08-12', 'Daryl', 'Iglesia', 'Naéva', 'Milena', 'elsom3');
insert into article (id, created_at, created_by, modified_at, modified_by, content, hashtag, title, user_account_user_id) values (44, '2022-05-02', 'Ruttger', '2022-07-04', 'Johnathon', 'Jozsika', 'Laïla', 'Imelda', 'elsom2');
insert into article (id, created_at, created_by, modified_at, modified_by, content, hashtag, title, user_account_user_id) values (45, '2022-04-11', 'Katherina', '2022-10-30', 'Chip', 'Cufflin', 'Laurélie', 'Hermine', 'elsom1');
insert into article (id, created_at, created_by, modified_at, modified_by, content, hashtag, title, user_account_user_id) values (46, '2022-11-24', 'Barnabas', '2022-11-13', 'Hakeem', 'Dellenbrok', 'Rébecca', 'Lou', 'elsom1');
insert into article (id, created_at, created_by, modified_at, modified_by, content, hashtag, title, user_account_user_id) values (47, '2022-06-19', 'Kathye', '2022-08-16', 'Orren', 'Mundwell', 'Maï', 'Elladine', 'elsom2');
insert into article (id, created_at, created_by, modified_at, modified_by, content, hashtag, title, user_account_user_id) values (48, '2022-05-22', 'Zared', '2022-04-20', 'Moyra', 'Shimwall', 'Almérinda', 'Clem', 'elsom2');
insert into article (id, created_at, created_by, modified_at, modified_by, content, hashtag, title, user_account_user_id) values (49, '2022-11-27', 'Astrix', '2022-07-21', 'Steffi', 'Norley', 'Mélissandre', 'Roxanna', 'elsom1');
insert into article (id, created_at, created_by, modified_at, modified_by, content, hashtag, title, user_account_user_id) values (50, '2022-06-09', 'Jemmie', '2022-05-19', 'Terry', 'Mott', 'Björn', 'Belita', 'elsom3');
insert into article (id, created_at, created_by, modified_at, modified_by, content, hashtag, title, user_account_user_id) values (51, '2022-09-09', 'Carmelita', '2022-12-01', 'Auberon', 'Mayzes', 'Marlène', 'Beatrice', 'elsom2');
insert into article (id, created_at, created_by, modified_at, modified_by, content, hashtag, title, user_account_user_id) values (52, '2022-11-04', 'Ross', '2022-07-15', 'Edie', 'Humbatch', 'Léandre', 'Janith', 'elsom3');
insert into article (id, created_at, created_by, modified_at, modified_by, content, hashtag, title, user_account_user_id) values (53, '2022-09-09', 'Timmi', '2022-05-17', 'Nate', 'Londesborough', 'Judicaël', 'Rozina', 'elsom3');
insert into article (id, created_at, created_by, modified_at, modified_by, content, hashtag, title, user_account_user_id) values (54, '2022-11-20', 'Sondra', '2022-05-11', 'Shandee', 'Spacey', 'Zoé', 'Melly', 'elsom2');
insert into article (id, created_at, created_by, modified_at, modified_by, content, hashtag, title, user_account_user_id) values (55, '2022-12-12', 'Lin', '2022-09-13', 'Nickie', 'Igglesden', 'Léonie', 'Petronille', 'elsom1');
insert into article (id, created_at, created_by, modified_at, modified_by, content, hashtag, title, user_account_user_id) values (56, '2022-06-16', 'Josselyn', '2023-01-15', 'Alfred', 'Baldick', 'Stéphanie', 'Karol', 'elsom1');
insert into article (id, created_at, created_by, modified_at, modified_by, content, hashtag, title, user_account_user_id) values (57, '2022-09-24', 'Alfred', '2022-03-15', 'Bondy', 'Willcox', 'Camélia', 'Mamie', 'elsom3');
insert into article (id, created_at, created_by, modified_at, modified_by, content, hashtag, title, user_account_user_id) values (58, '2022-04-24', 'Augie', '2023-01-30', 'Craggie', 'Pashbee', 'Kallisté', 'Livvyy', 'elsom1');
insert into article (id, created_at, created_by, modified_at, modified_by, content, hashtag, title, user_account_user_id) values (59, '2023-01-12', 'Mathias', '2022-06-27', 'Nariko', 'De Pero', 'Nélie', 'Brittani', 'elsom3');
insert into article (id, created_at, created_by, modified_at, modified_by, content, hashtag, title, user_account_user_id) values (60, '2022-08-02', 'Hedi', '2022-03-18', 'Alistair', 'Sango', 'Personnalisée', 'Ina', 'elsom2');
insert into article (id, created_at, created_by, modified_at, modified_by, content, hashtag, title, user_account_user_id) values (61, '2023-01-19', 'Geri', '2022-02-28', 'Albrecht', 'Vossing', 'Cinéma', 'Holly', 'elsom1');
insert into article (id, created_at, created_by, modified_at, modified_by, content, hashtag, title, user_account_user_id) values (62, '2022-04-14', 'Roxine', '2022-09-25', 'Yetty', 'Volett', 'Maëlla', 'Marci', 'elsom2');
insert into article (id, created_at, created_by, modified_at, modified_by, content, hashtag, title, user_account_user_id) values (63, '2023-01-30', 'Marillin', '2022-06-20', 'Eal', 'Philpault', 'Almérinda', 'Feliza', 'elsom3');
insert into article (id, created_at, created_by, modified_at, modified_by, content, hashtag, title, user_account_user_id) values (64, '2022-12-30', 'Winn', '2022-03-24', 'Gallard', 'Fomichkin', 'Dafnée', 'Terri', 'elsom1');
insert into article (id, created_at, created_by, modified_at, modified_by, content, hashtag, title, user_account_user_id) values (65, '2022-05-04', 'Michelina', '2023-01-22', 'Nappy', 'Watt', 'Yénora', 'Alison', 'elsom1');
insert into article (id, created_at, created_by, modified_at, modified_by, content, hashtag, title, user_account_user_id) values (66, '2022-08-16', 'Emilia', '2022-11-08', 'Zack', 'Ions', 'Ráo', 'Ester', 'elsom2');
insert into article (id, created_at, created_by, modified_at, modified_by, content, hashtag, title, user_account_user_id) values (67, '2022-12-14', 'Ulrikaumeko', '2022-09-29', 'Isacco', 'Rowledge', 'Méline', 'Dotty', 'elsom3');
insert into article (id, created_at, created_by, modified_at, modified_by, content, hashtag, title, user_account_user_id) values (68, '2022-07-29', 'Albert', '2022-06-01', 'Marlon', 'Waine', 'Séréna', 'Genny', 'elsom3');
insert into article (id, created_at, created_by, modified_at, modified_by, content, hashtag, title, user_account_user_id) values (69, '2023-01-08', 'Lina', '2022-04-14', 'Meridel', 'Heimes', 'Göran', 'Denice', 'elsom1');
insert into article (id, created_at, created_by, modified_at, modified_by, content, hashtag, title, user_account_user_id) values (70, '2022-05-25', 'Theodora', '2022-03-24', 'Tyrone', 'Earland', 'Torbjörn', 'Celestyn', 'elsom2');
insert into article (id, created_at, created_by, modified_at, modified_by, content, hashtag, title, user_account_user_id) values (71, '2022-03-31', 'Fedora', '2022-09-02', 'Hiram', 'Sculpher', 'Maëlys', 'Madelon', 'elsom3');
insert into article (id, created_at, created_by, modified_at, modified_by, content, hashtag, title, user_account_user_id) values (72, '2022-02-24', 'Rowney', '2022-09-10', 'Delbert', 'Kaine', 'Inès', 'Gus', 'elsom2');
insert into article (id, created_at, created_by, modified_at, modified_by, content, hashtag, title, user_account_user_id) values (73, '2022-09-28', 'Anica', '2022-08-18', 'Shamus', 'Uzzell', 'Eugénie', 'Merlina', 'elsom3');
insert into article (id, created_at, created_by, modified_at, modified_by, content, hashtag, title, user_account_user_id) values (74, '2022-10-08', 'Tyler', '2022-03-31', 'Hobard', 'Crilly', 'Solène', 'Vere', 'elsom1');
insert into article (id, created_at, created_by, modified_at, modified_by, content, hashtag, title, user_account_user_id) values (75, '2022-05-05', 'Jennee', '2022-02-15', 'Morgana', 'Humes', 'Tú', 'Adriane', 'elsom2');
insert into article (id, created_at, created_by, modified_at, modified_by, content, hashtag, title, user_account_user_id) values (76, '2022-02-10', 'Waneta', '2022-03-01', 'Wilone', 'Lorey', 'Maï', 'Madella', 'elsom1');
insert into article (id, created_at, created_by, modified_at, modified_by, content, hashtag, title, user_account_user_id) values (77, '2022-10-04', 'Harriot', '2022-09-02', 'Arlan', 'Mulchrone', 'Laurène', 'Camille', 'elsom1');
insert into article (id, created_at, created_by, modified_at, modified_by, content, hashtag, title, user_account_user_id) values (78, '2022-12-22', 'Patrica', '2023-01-04', 'Adriano', 'Schoular', 'Méng', 'Abbey', 'elsom2');
insert into article (id, created_at, created_by, modified_at, modified_by, content, hashtag, title, user_account_user_id) values (79, '2022-10-06', 'Warden', '2022-10-27', 'Sergeant', 'Stear', 'Eliès', 'Laural', 'elsom1');
insert into article (id, created_at, created_by, modified_at, modified_by, content, hashtag, title, user_account_user_id) values (80, '2022-05-12', 'Frazier', '2022-04-09', 'Warden', 'Keattch', 'Hélène', 'Anthia', 'elsom2');
insert into article (id, created_at, created_by, modified_at, modified_by, content, hashtag, title, user_account_user_id) values (81, '2022-10-21', 'Joan', '2023-01-21', 'Malinda', 'Titterrell', 'Tán', 'Jesselyn', 'elsom2');
insert into article (id, created_at, created_by, modified_at, modified_by, content, hashtag, title, user_account_user_id) values (82, '2022-05-03', 'Evin', '2022-04-24', 'Jojo', 'Grishanin', 'Marie-hélène', 'Emylee', 'elsom3');
insert into article (id, created_at, created_by, modified_at, modified_by, content, hashtag, title, user_account_user_id) values (83, '2022-08-31', 'Ezra', '2022-07-26', 'Frazier', 'Rivelon', 'Lóng', 'Marti', 'elsom1');
insert into article (id, created_at, created_by, modified_at, modified_by, content, hashtag, title, user_account_user_id) values (84, '2022-02-22', 'Tracy', '2023-02-06', 'Pru', 'Ridett', 'Adélaïde', 'Grier', 'elsom1');
insert into article (id, created_at, created_by, modified_at, modified_by, content, hashtag, title, user_account_user_id) values (85, '2022-09-29', 'Joycelin', '2022-06-05', 'Annabal', 'Boldra', 'André', 'Deloria', 'elsom2');
insert into article (id, created_at, created_by, modified_at, modified_by, content, hashtag, title, user_account_user_id) values (86, '2022-04-09', 'Helaine', '2022-07-09', 'Riccardo', 'Dorran', 'Marie-noël', 'Hermina', 'elsom1');
insert into article (id, created_at, created_by, modified_at, modified_by, content, hashtag, title, user_account_user_id) values (87, '2022-05-22', 'Ferdinande', '2022-12-02', 'Kimberley', 'Dungey', 'Véronique', 'Elissa', 'elsom1');
insert into article (id, created_at, created_by, modified_at, modified_by, content, hashtag, title, user_account_user_id) values (88, '2022-05-30', 'Zorah', '2022-04-10', 'Tonie', 'Haggish', 'Marie-françoise', 'Barbaraanne', 'elsom3');
insert into article (id, created_at, created_by, modified_at, modified_by, content, hashtag, title, user_account_user_id) values (89, '2023-02-04', 'Rosalynd', '2022-05-24', 'Prudy', 'Gidman', 'Célestine', 'Atlante', 'elsom2');
insert into article (id, created_at, created_by, modified_at, modified_by, content, hashtag, title, user_account_user_id) values (90, '2022-07-17', 'Gerta', '2022-11-10', 'Deane', 'Lynde', 'Mahélie', 'Lacey', 'elsom2');
insert into article (id, created_at, created_by, modified_at, modified_by, content, hashtag, title, user_account_user_id) values (91, '2022-07-30', 'Burt', '2022-07-08', 'Lewes', 'McCaig', 'Léonore', 'Val', 'elsom2');
insert into article (id, created_at, created_by, modified_at, modified_by, content, hashtag, title, user_account_user_id) values (92, '2023-01-19', 'Liam', '2022-12-01', 'Reidar', 'Comrie', 'Céline', 'Tawsha', 'elsom2');
insert into article (id, created_at, created_by, modified_at, modified_by, content, hashtag, title, user_account_user_id) values (93, '2022-03-26', 'Nester', '2022-07-29', 'Dickie', 'Linkleter', 'Annotés', 'Pet', 'elsom2');
insert into article (id, created_at, created_by, modified_at, modified_by, content, hashtag, title, user_account_user_id) values (94, '2022-07-04', 'Mandel', '2023-01-11', 'Kelly', 'Habbin', 'Cléopatre', 'Gale', 'elsom2');
insert into article (id, created_at, created_by, modified_at, modified_by, content, hashtag, title, user_account_user_id) values (95, '2023-01-23', 'Corrie', '2022-03-12', 'Dorri', 'Boobier', 'Anaël', 'Gianina', 'elsom3');
insert into article (id, created_at, created_by, modified_at, modified_by, content, hashtag, title, user_account_user_id) values (96, '2022-11-29', 'Lurleen', '2022-12-13', 'Meghan', 'Blowfield', 'Mélodie', 'Annmaria', 'elsom3');
insert into article (id, created_at, created_by, modified_at, modified_by, content, hashtag, title, user_account_user_id) values (97, '2022-10-21', 'Edie', '2022-05-14', 'Sayres', 'Prium', 'Athéna', 'Olwen', 'elsom2');
insert into article (id, created_at, created_by, modified_at, modified_by, content, hashtag, title, user_account_user_id) values (98, '2022-09-04', 'Germain', '2022-09-17', 'Lacey', 'Radford', 'Léonore', 'Talia', 'elsom2');
insert into article (id, created_at, created_by, modified_at, modified_by, content, hashtag, title, user_account_user_id) values (99, '2023-02-01', 'Clari', '2022-07-10', 'Hynda', 'Piddington', 'Cécilia', 'Emogene', 'elsom2');
insert into article (id, created_at, created_by, modified_at, modified_by, content, hashtag, title, user_account_user_id) values (100, '2022-10-17', 'Sherry', '2022-04-25', 'Adelice', 'Hayles', 'Maëlyss', 'Maggi', 'elsom3');



insert into article_comment (id, created_at, created_by, modified_at, modified_by, content, article_id, user_account_user_id) values (209, '2022-06-22', 'Meredithe', '2022-11-20', 'Griz', 'Fearne', 16, 'elsom1');
insert into article_comment (id, created_at, created_by, modified_at, modified_by, content, article_id, user_account_user_id) values (337, '2022-04-01', 'Cecilla', '2022-07-15', 'Reinold', 'Jewkes', 94, 'elsom1');
insert into article_comment (id, created_at, created_by, modified_at, modified_by, content, article_id, user_account_user_id) values (424, '2022-11-28', 'Cullie', '2022-04-26', 'Valenka', 'Gensavage', 82, 'elsom1');
insert into article_comment (id, created_at, created_by, modified_at, modified_by, content, article_id, user_account_user_id) values (246, '2022-02-20', 'Lurlene', '2022-02-26', 'Shadow', 'Seifenmacher', 64, 'elsom1');
insert into article_comment (id, created_at, created_by, modified_at, modified_by, content, article_id, user_account_user_id) values (444, '2022-07-24', 'Lawton', '2022-11-23', 'Phillipp', 'Eagers', 87, 'elsom2');
insert into article_comment (id, created_at, created_by, modified_at, modified_by, content, article_id, user_account_user_id) values (494, '2022-12-18', 'Abagael', '2022-06-18', 'Lorinda', 'Morat', 98, 'elsom1');
insert into article_comment (id, created_at, created_by, modified_at, modified_by, content, article_id, user_account_user_id) values (235, '2022-07-15', 'Izaak', '2022-05-01', 'Ibrahim', 'Casillas', 83, 'elsom3');
insert into article_comment (id, created_at, created_by, modified_at, modified_by, content, article_id, user_account_user_id) values (372, '2022-12-10', 'Forest', '2022-08-24', 'Eugenius', 'Yole', 86, 'elsom3');
insert into article_comment (id, created_at, created_by, modified_at, modified_by, content, article_id, user_account_user_id) values (491, '2023-01-13', 'Aidan', '2022-07-15', 'Annemarie', 'Skillings', 96, 'elsom2');
insert into article_comment (id, created_at, created_by, modified_at, modified_by, content, article_id, user_account_user_id) values (383, '2022-11-04', 'Ky', '2022-09-09', 'Jaymie', 'Dash', 29, 'elsom1');
insert into article_comment (id, created_at, created_by, modified_at, modified_by, content, article_id, user_account_user_id) values (214, '2022-08-22', 'Tamqrah', '2022-09-19', 'Calla', 'Glen', 74, 'elsom1');
insert into article_comment (id, created_at, created_by, modified_at, modified_by, content, article_id, user_account_user_id) values (249, '2022-03-28', 'Reed', '2022-10-02', 'Jacinta', 'Asbery', 65, 'elsom3');
insert into article_comment (id, created_at, created_by, modified_at, modified_by, content, article_id, user_account_user_id) values (475, '2022-05-21', 'Madel', '2023-01-15', 'Jolene', 'Fuster', 82, 'elsom1');
insert into article_comment (id, created_at, created_by, modified_at, modified_by, content, article_id, user_account_user_id) values (394, '2022-04-28', 'Dolly', '2023-01-29', 'Florian', 'Odcroft', 49, 'elsom1');
insert into article_comment (id, created_at, created_by, modified_at, modified_by, content, article_id, user_account_user_id) values (224, '2022-04-09', 'Leilah', '2023-02-03', 'Kara', 'Charles', 95, 'elsom2');
insert into article_comment (id, created_at, created_by, modified_at, modified_by, content, article_id, user_account_user_id) values (379, '2022-06-21', 'Beryle', '2022-09-01', 'Ronny', 'Guerrero', 71, 'elsom2');
insert into article_comment (id, created_at, created_by, modified_at, modified_by, content, article_id, user_account_user_id) values (473, '2023-01-12', 'Evy', '2022-04-08', 'Jerrie', 'Pearse', 42, 'elsom1');
insert into article_comment (id, created_at, created_by, modified_at, modified_by, content, article_id, user_account_user_id) values (289, '2022-08-13', 'Karolina', '2022-10-12', 'Daffy', 'Nerne', 85, 'elsom3');
insert into article_comment (id, created_at, created_by, modified_at, modified_by, content, article_id, user_account_user_id) values (397, '2022-05-20', 'Veradis', '2023-02-04', 'Hailey', 'Flagg', 66, 'elsom3');
insert into article_comment (id, created_at, created_by, modified_at, modified_by, content, article_id, user_account_user_id) values (267, '2022-11-13', 'Willa', '2023-01-28', 'Ab', 'Ertel', 90, 'elsom1');
insert into article_comment (id, created_at, created_by, modified_at, modified_by, content, article_id, user_account_user_id) values (334, '2023-01-14', 'Valenka', '2022-12-04', 'Maribeth', 'Keighley', 55, 'elsom3');
insert into article_comment (id, created_at, created_by, modified_at, modified_by, content, article_id, user_account_user_id) values (434, '2022-06-10', 'Bartram', '2023-01-10', 'Amalea', 'Dabes', 36, 'elsom3');
insert into article_comment (id, created_at, created_by, modified_at, modified_by, content, article_id, user_account_user_id) values (320, '2022-07-22', 'Leigh', '2022-10-13', 'Rafa', 'Hildrew', 87, 'elsom3');
insert into article_comment (id, created_at, created_by, modified_at, modified_by, content, article_id, user_account_user_id) values (389, '2022-11-17', 'Nevsa', '2022-05-26', 'Ealasaid', 'Griffe', 25, 'elsom3');
insert into article_comment (id, created_at, created_by, modified_at, modified_by, content, article_id, user_account_user_id) values (427, '2022-12-04', 'Lyell', '2022-03-29', 'Else', 'Grindall', 54, 'elsom1');
insert into article_comment (id, created_at, created_by, modified_at, modified_by, content, article_id, user_account_user_id) values (378, '2022-06-02', 'Loren', '2022-04-27', 'Randy', 'Lumpkin', 14, 'elsom1');
insert into article_comment (id, created_at, created_by, modified_at, modified_by, content, article_id, user_account_user_id) values (472, '2022-06-22', 'Carmela', '2022-05-24', 'Cary', 'Keunemann', 68, 'elsom2');
insert into article_comment (id, created_at, created_by, modified_at, modified_by, content, article_id, user_account_user_id) values (217, '2022-07-02', 'Zondra', '2022-03-11', 'Carine', 'Tuddall', 48, 'elsom3');
insert into article_comment (id, created_at, created_by, modified_at, modified_by, content, article_id, user_account_user_id) values (399, '2022-02-11', 'Willi', '2022-05-31', 'Lazarus', 'Sayburn', 14, 'elsom3');
insert into article_comment (id, created_at, created_by, modified_at, modified_by, content, article_id, user_account_user_id) values (374, '2022-07-22', 'Riva', '2022-08-13', 'Noll', 'Zoppo', 20, 'elsom1');
insert into article_comment (id, created_at, created_by, modified_at, modified_by, content, article_id, user_account_user_id) values (296, '2023-01-23', 'Alexa', '2022-03-06', 'Dewey', 'De Benedictis', 21, 'elsom2');
insert into article_comment (id, created_at, created_by, modified_at, modified_by, content, article_id, user_account_user_id) values (499, '2022-04-07', 'Iver', '2022-04-04', 'Edin', 'Barlace', 16, 'elsom2');
insert into article_comment (id, created_at, created_by, modified_at, modified_by, content, article_id, user_account_user_id) values (459, '2022-12-25', 'Gwenette', '2022-03-16', 'Dion', 'Gatecliffe', 89, 'elsom2');
insert into article_comment (id, created_at, created_by, modified_at, modified_by, content, article_id, user_account_user_id) values (265, '2022-02-12', 'Sharon', '2023-01-06', 'Almire', 'Lunt', 93, 'elsom1');
insert into article_comment (id, created_at, created_by, modified_at, modified_by, content, article_id, user_account_user_id) values (221, '2022-07-22', 'Carmela', '2023-01-07', 'Weston', 'Paulou', 26, 'elsom2');
insert into article_comment (id, created_at, created_by, modified_at, modified_by, content, article_id, user_account_user_id) values (417, '2022-08-16', 'Shane', '2022-05-21', 'Faydra', 'De Freyne', 9, 'elsom2');
insert into article_comment (id, created_at, created_by, modified_at, modified_by, content, article_id, user_account_user_id) values (430, '2022-03-09', 'Dyanna', '2023-01-19', 'Kerrill', 'Puncher', 14, 'elsom3');
insert into article_comment (id, created_at, created_by, modified_at, modified_by, content, article_id, user_account_user_id) values (318, '2022-11-02', 'Royal', '2022-04-04', 'Letitia', 'Sweatland', 80, 'elsom1');
insert into article_comment (id, created_at, created_by, modified_at, modified_by, content, article_id, user_account_user_id) values (347, '2022-07-06', 'Eugenius', '2022-02-19', 'Brandy', 'Zute', 70, 'elsom1');
insert into article_comment (id, created_at, created_by, modified_at, modified_by, content, article_id, user_account_user_id) values (223, '2022-08-26', 'Alli', '2022-05-15', 'Carma', 'Karlowicz', 16, 'elsom1');
insert into article_comment (id, created_at, created_by, modified_at, modified_by, content, article_id, user_account_user_id) values (427, '2022-11-01', 'Ruperta', '2022-09-24', 'Skipp', 'Pettiward', 18, 'elsom3');
insert into article_comment (id, created_at, created_by, modified_at, modified_by, content, article_id, user_account_user_id) values (326, '2022-05-18', 'Virginie', '2022-04-15', 'Asia', 'Tolerton', 82, 'elsom2');
insert into article_comment (id, created_at, created_by, modified_at, modified_by, content, article_id, user_account_user_id) values (404, '2022-12-26', 'Jobie', '2022-11-03', 'Malchy', 'Sydes', 42, 'elsom1');
insert into article_comment (id, created_at, created_by, modified_at, modified_by, content, article_id, user_account_user_id) values (476, '2022-11-28', 'Toby', '2022-12-30', 'Keane', 'McGovern', 75, 'elsom1');
insert into article_comment (id, created_at, created_by, modified_at, modified_by, content, article_id, user_account_user_id) values (384, '2022-02-21', 'Michaella', '2023-01-14', 'Kit', 'Abramson', 99, 'elsom3');
insert into article_comment (id, created_at, created_by, modified_at, modified_by, content, article_id, user_account_user_id) values (492, '2022-09-29', 'Marven', '2022-09-19', 'Nona', 'Le Houx', 77, 'elsom3');
insert into article_comment (id, created_at, created_by, modified_at, modified_by, content, article_id, user_account_user_id) values (333, '2023-01-30', 'Hube', '2022-12-23', 'Lisabeth', 'Taggert', 98, 'elsom3');
insert into article_comment (id, created_at, created_by, modified_at, modified_by, content, article_id, user_account_user_id) values (423, '2022-12-16', 'Arlette', '2022-12-25', 'Shawn', 'Heinzler', 98, 'elsom1');
insert into article_comment (id, created_at, created_by, modified_at, modified_by, content, article_id, user_account_user_id) values (247, '2023-01-18', 'Padraig', '2022-03-22', 'Harris', 'Tocknell', 87, 'elsom2');
insert into article_comment (id, created_at, created_by, modified_at, modified_by, content, article_id, user_account_user_id) values (419, '2022-06-02', 'Addy', '2022-09-19', 'Dot', 'Everington', 71, 'elsom1');
insert into article_comment (id, created_at, created_by, modified_at, modified_by, content, article_id, user_account_user_id) values (268, '2022-05-22', 'Ferdie', '2022-09-05', 'Missy', 'Sully', 1, 'elsom2');
insert into article_comment (id, created_at, created_by, modified_at, modified_by, content, article_id, user_account_user_id) values (384, '2022-03-04', 'Tommie', '2023-01-12', 'Theodosia', 'Olivie', 53, 'elsom2');
insert into article_comment (id, created_at, created_by, modified_at, modified_by, content, article_id, user_account_user_id) values (427, '2022-05-01', 'Shena', '2022-04-05', 'Isabeau', 'Carik', 8, 'elsom3');
insert into article_comment (id, created_at, created_by, modified_at, modified_by, content, article_id, user_account_user_id) values (367, '2022-08-03', 'Wolf', '2022-10-18', 'Kendre', 'Kubiak', 21, 'elsom2');
insert into article_comment (id, created_at, created_by, modified_at, modified_by, content, article_id, user_account_user_id) values (365, '2022-03-26', 'Bart', '2022-07-22', 'Brittani', 'Gradwell', 93, 'elsom3');
insert into article_comment (id, created_at, created_by, modified_at, modified_by, content, article_id, user_account_user_id) values (333, '2022-10-17', 'Raffarty', '2022-11-28', 'Bethanne', 'Beswetherick', 79, 'elsom1');
insert into article_comment (id, created_at, created_by, modified_at, modified_by, content, article_id, user_account_user_id) values (421, '2022-04-07', 'Frasco', '2022-11-23', 'Jordana', 'Spillman', 84, 'elsom2');
insert into article_comment (id, created_at, created_by, modified_at, modified_by, content, article_id, user_account_user_id) values (390, '2022-07-13', 'Jasun', '2022-07-01', 'Maynard', 'Reubbens', 15, 'elsom2');
insert into article_comment (id, created_at, created_by, modified_at, modified_by, content, article_id, user_account_user_id) values (340, '2022-12-29', 'Anatol', '2022-03-12', 'Garvy', 'Maloney', 33, 'elsom1');
insert into article_comment (id, created_at, created_by, modified_at, modified_by, content, article_id, user_account_user_id) values (338, '2022-07-11', 'Carver', '2022-12-02', 'Ragnar', 'Eskrick', 44, 'elsom2');
insert into article_comment (id, created_at, created_by, modified_at, modified_by, content, article_id, user_account_user_id) values (485, '2022-04-04', 'Chelsey', '2022-06-24', 'Corbie', 'Allanson', 48, 'elsom2');
insert into article_comment (id, created_at, created_by, modified_at, modified_by, content, article_id, user_account_user_id) values (496, '2022-03-25', 'Rinaldo', '2022-11-04', 'Valaree', 'Collicott', 87, 'elsom2');
insert into article_comment (id, created_at, created_by, modified_at, modified_by, content, article_id, user_account_user_id) values (312, '2022-02-10', 'Loy', '2022-09-02', 'Opal', 'Have', 87, 'elsom1');
insert into article_comment (id, created_at, created_by, modified_at, modified_by, content, article_id, user_account_user_id) values (445, '2022-05-17', 'Cooper', '2022-11-16', 'Pearla', 'Livesey', 24, 'elsom3');
insert into article_comment (id, created_at, created_by, modified_at, modified_by, content, article_id, user_account_user_id) values (377, '2022-09-25', 'Jocko', '2022-06-27', 'Oralie', 'Weaver', 41, 'elsom1');
insert into article_comment (id, created_at, created_by, modified_at, modified_by, content, article_id, user_account_user_id) values (376, '2022-05-10', 'Peterus', '2022-06-08', 'Michell', 'Sample', 30, 'elsom2');
insert into article_comment (id, created_at, created_by, modified_at, modified_by, content, article_id, user_account_user_id) values (272, '2022-04-19', 'Bail', '2022-05-25', 'Kare', 'Polding', 91, 'elsom3');
insert into article_comment (id, created_at, created_by, modified_at, modified_by, content, article_id, user_account_user_id) values (431, '2022-04-16', 'Joaquin', '2022-03-13', 'Kelila', 'Comiskey', 66, 'elsom1');
insert into article_comment (id, created_at, created_by, modified_at, modified_by, content, article_id, user_account_user_id) values (427, '2022-08-29', 'Doris', '2022-08-20', 'Prissie', 'Georgeou', 70, 'elsom1');
insert into article_comment (id, created_at, created_by, modified_at, modified_by, content, article_id, user_account_user_id) values (343, '2022-04-05', 'Bradford', '2022-07-25', 'Marcellina', 'Frunks', 46, 'elsom3');
insert into article_comment (id, created_at, created_by, modified_at, modified_by, content, article_id, user_account_user_id) values (355, '2022-12-01', 'Justus', '2022-08-01', 'Lanni', 'Culleton', 62, 'elsom2');
insert into article_comment (id, created_at, created_by, modified_at, modified_by, content, article_id, user_account_user_id) values (445, '2022-10-14', 'Merline', '2023-01-02', 'Clare', 'Di Bartolomeo', 62, 'elsom3');
insert into article_comment (id, created_at, created_by, modified_at, modified_by, content, article_id, user_account_user_id) values (301, '2022-10-22', 'Hercules', '2022-06-20', 'Torre', 'Kornyshev', 49, 'elsom3');
insert into article_comment (id, created_at, created_by, modified_at, modified_by, content, article_id, user_account_user_id) values (371, '2022-05-05', 'Sile', '2022-08-20', 'Sadie', 'Everton', 73, 'elsom2');
insert into article_comment (id, created_at, created_by, modified_at, modified_by, content, article_id, user_account_user_id) values (316, '2022-03-24', 'Alex', '2022-10-17', 'Granger', 'Cortin', 16, 'elsom3');
insert into article_comment (id, created_at, created_by, modified_at, modified_by, content, article_id, user_account_user_id) values (256, '2022-10-18', 'Harp', '2022-08-30', 'Dale', 'Hornig', 87, 'elsom2');
insert into article_comment (id, created_at, created_by, modified_at, modified_by, content, article_id, user_account_user_id) values (417, '2022-09-14', 'Hyacinth', '2022-11-18', 'Clevie', 'Brasier', 18, 'elsom1');
insert into article_comment (id, created_at, created_by, modified_at, modified_by, content, article_id, user_account_user_id) values (443, '2022-10-24', 'Cherise', '2022-12-30', 'Pet', 'Carslaw', 70, 'elsom3');
insert into article_comment (id, created_at, created_by, modified_at, modified_by, content, article_id, user_account_user_id) values (432, '2022-08-02', 'Mellisa', '2022-07-24', 'Randie', 'Parsall', 48, 'elsom3');
insert into article_comment (id, created_at, created_by, modified_at, modified_by, content, article_id, user_account_user_id) values (473, '2023-01-17', 'Rosana', '2023-01-03', 'Stefan', 'Leupoldt', 80, 'elsom3');
insert into article_comment (id, created_at, created_by, modified_at, modified_by, content, article_id, user_account_user_id) values (355, '2022-09-21', 'Fredia', '2022-11-28', 'Franklin', 'Dinsell', 51, 'elsom3');
insert into article_comment (id, created_at, created_by, modified_at, modified_by, content, article_id, user_account_user_id) values (348, '2022-03-19', 'Loralyn', '2022-08-18', 'Catherine', 'Churm', 29, 'elsom2');
insert into article_comment (id, created_at, created_by, modified_at, modified_by, content, article_id, user_account_user_id) values (392, '2023-02-08', 'Lind', '2022-10-21', 'Aloysius', 'Livsey', 64, 'elsom2');
insert into article_comment (id, created_at, created_by, modified_at, modified_by, content, article_id, user_account_user_id) values (409, '2022-06-28', 'Ynes', '2023-02-04', 'Clem', 'Lugard', 91, 'elsom1');
insert into article_comment (id, created_at, created_by, modified_at, modified_by, content, article_id, user_account_user_id) values (211, '2022-02-18', 'Fredericka', '2022-12-31', 'Edwin', 'Delatour', 79, 'elsom2');
insert into article_comment (id, created_at, created_by, modified_at, modified_by, content, article_id, user_account_user_id) values (480, '2022-05-27', 'Stephi', '2022-07-01', 'Glenn', 'Gosney', 66, 'elsom2');
insert into article_comment (id, created_at, created_by, modified_at, modified_by, content, article_id, user_account_user_id) values (262, '2022-08-05', 'Fairfax', '2022-08-05', 'Bo', 'Theuff', 79, 'elsom2');
insert into article_comment (id, created_at, created_by, modified_at, modified_by, content, article_id, user_account_user_id) values (415, '2022-07-15', 'Ursuline', '2022-05-23', 'Zerk', 'Whyborne', 69, 'elsom1');
insert into article_comment (id, created_at, created_by, modified_at, modified_by, content, article_id, user_account_user_id) values (268, '2022-08-02', 'Adlai', '2022-08-14', 'Danni', 'Dyball', 14, 'elsom1');
insert into article_comment (id, created_at, created_by, modified_at, modified_by, content, article_id, user_account_user_id) values (362, '2022-04-09', 'Jemimah', '2022-08-01', 'Mychal', 'Cottier', 82, 'elsom3');
insert into article_comment (id, created_at, created_by, modified_at, modified_by, content, article_id, user_account_user_id) values (487, '2022-07-06', 'Kariotta', '2022-07-25', 'Averyl', 'Glauber', 100, 'elsom3');
insert into article_comment (id, created_at, created_by, modified_at, modified_by, content, article_id, user_account_user_id) values (416, '2022-12-08', 'Hugues', '2023-01-29', 'Georgeta', 'Lammers', 61, 'elsom3');
insert into article_comment (id, created_at, created_by, modified_at, modified_by, content, article_id, user_account_user_id) values (324, '2022-09-19', 'Wilbert', '2022-02-27', 'Pearla', 'Gleeton', 96, 'elsom2');
insert into article_comment (id, created_at, created_by, modified_at, modified_by, content, article_id, user_account_user_id) values (436, '2022-07-01', 'Mag', '2022-09-27', 'Cordelie', 'Pendrey', 68, 'elsom3');
insert into article_comment (id, created_at, created_by, modified_at, modified_by, content, article_id, user_account_user_id) values (207, '2023-02-06', 'Renelle', '2022-04-22', 'Prince', 'Storek', 42, 'elsom1');
insert into article_comment (id, created_at, created_by, modified_at, modified_by, content, article_id, user_account_user_id) values (265, '2022-03-10', 'Valentine', '2022-02-22', 'Nester', 'Jacquest', 50, 'elsom1');
insert into article_comment (id, created_at, created_by, modified_at, modified_by, content, article_id, user_account_user_id) values (336, '2022-04-22', 'Zachariah', '2022-12-21', 'Mattie', 'Hurren', 52, 'elsom3');
insert into article_comment (id, created_at, created_by, modified_at, modified_by, content, article_id, user_account_user_id) values (291, '2022-05-10', 'Cletus', '2022-09-26', 'Bengt', 'Revell', 64, 'elsom3');
insert into article_comment (id, created_at, created_by, modified_at, modified_by, content, article_id, user_account_user_id) values (315, '2022-07-07', 'Virgil', '2022-09-25', 'Phaidra', 'Cristol', 100, 'elsom2');
insert into article_comment (id, created_at, created_by, modified_at, modified_by, content, article_id, user_account_user_id) values (290, '2022-07-09', 'Caro', '2022-06-27', 'Paulina', 'Mourton', 76, 'elsom1');
insert into article_comment (id, created_at, created_by, modified_at, modified_by, content, article_id, user_account_user_id) values (222, '2023-01-10', 'Rubia', '2022-02-22', 'Robinette', 'Silkstone', 11, 'elsom1');
insert into article_comment (id, created_at, created_by, modified_at, modified_by, content, article_id, user_account_user_id) values (276, '2022-11-28', 'Freemon', '2022-06-16', 'Jorey', 'Greatbach', 2, 'elsom2');
insert into article_comment (id, created_at, created_by, modified_at, modified_by, content, article_id, user_account_user_id) values (343, '2022-05-07', 'Rachel', '2022-11-28', 'Nicolea', 'Mewett', 22, 'elsom2');
insert into article_comment (id, created_at, created_by, modified_at, modified_by, content, article_id, user_account_user_id) values (223, '2022-12-12', 'Rea', '2022-03-31', 'Del', 'Normavill', 36, 'elsom2');
insert into article_comment (id, created_at, created_by, modified_at, modified_by, content, article_id, user_account_user_id) values (327, '2022-08-08', 'Colas', '2022-08-19', 'Abagail', 'Dickons', 100, 'elsom3');
insert into article_comment (id, created_at, created_by, modified_at, modified_by, content, article_id, user_account_user_id) values (225, '2022-09-14', 'Stearn', '2022-06-12', 'Dulcia', 'Trustram', 2, 'elsom2');
insert into article_comment (id, created_at, created_by, modified_at, modified_by, content, article_id, user_account_user_id) values (318, '2022-05-24', 'Irvin', '2022-08-31', 'Kassey', 'Glede', 81, 'elsom3');
insert into article_comment (id, created_at, created_by, modified_at, modified_by, content, article_id, user_account_user_id) values (307, '2022-07-12', 'Hamid', '2023-01-29', 'Edgard', 'Vinten', 100, 'elsom2');
insert into article_comment (id, created_at, created_by, modified_at, modified_by, content, article_id, user_account_user_id) values (211, '2022-09-02', 'Laure', '2022-05-06', 'Denys', 'Lohden', 39, 'elsom1');
insert into article_comment (id, created_at, created_by, modified_at, modified_by, content, article_id, user_account_user_id) values (275, '2022-11-21', 'Raychel', '2022-06-08', 'Ardith', 'Footitt', 9, 'elsom3');
insert into article_comment (id, created_at, created_by, modified_at, modified_by, content, article_id, user_account_user_id) values (395, '2022-05-31', 'Delora', '2022-04-07', 'Moe', 'Dulen', 28, 'elsom1');
insert into article_comment (id, created_at, created_by, modified_at, modified_by, content, article_id, user_account_user_id) values (406, '2022-06-27', 'Ally', '2023-02-08', 'Aldwin', 'Edgecombe', 61, 'elsom3');
insert into article_comment (id, created_at, created_by, modified_at, modified_by, content, article_id, user_account_user_id) values (308, '2022-02-27', 'Mahmud', '2022-12-09', 'Xaviera', 'Gration', 45, 'elsom2');
insert into article_comment (id, created_at, created_by, modified_at, modified_by, content, article_id, user_account_user_id) values (482, '2022-10-11', 'Harbert', '2022-10-06', 'Reagan', 'Ellacombe', 12, 'elsom2');
insert into article_comment (id, created_at, created_by, modified_at, modified_by, content, article_id, user_account_user_id) values (474, '2023-01-25', 'Germaine', '2023-01-14', 'Camala', 'felip', 96, 'elsom1');
insert into article_comment (id, created_at, created_by, modified_at, modified_by, content, article_id, user_account_user_id) values (420, '2022-05-30', 'Megan', '2022-11-24', 'Nadya', 'Hurcombe', 67, 'elsom3');
insert into article_comment (id, created_at, created_by, modified_at, modified_by, content, article_id, user_account_user_id) values (213, '2022-05-22', 'Anne-marie', '2022-09-07', 'Jackquelin', 'Longley', 98, 'elsom1');
insert into article_comment (id, created_at, created_by, modified_at, modified_by, content, article_id, user_account_user_id) values (226, '2022-10-06', 'Olenka', '2023-01-11', 'Juliana', 'Chinnock', 46, 'elsom3');
insert into article_comment (id, created_at, created_by, modified_at, modified_by, content, article_id, user_account_user_id) values (358, '2022-12-13', 'Shaine', '2022-12-30', 'Erasmus', 'McTague', 38, 'elsom3');
insert into article_comment (id, created_at, created_by, modified_at, modified_by, content, article_id, user_account_user_id) values (462, '2022-09-18', 'Angelique', '2022-06-17', 'Betteanne', 'McKall', 13, 'elsom3');
insert into article_comment (id, created_at, created_by, modified_at, modified_by, content, article_id, user_account_user_id) values (445, '2022-05-14', 'Leoline', '2022-03-11', 'Morly', 'Albon', 82, 'elsom1');
insert into article_comment (id, created_at, created_by, modified_at, modified_by, content, article_id, user_account_user_id) values (220, '2022-06-17', 'Lucho', '2022-04-10', 'Angelina', 'Mobberley', 21, 'elsom2');
insert into article_comment (id, created_at, created_by, modified_at, modified_by, content, article_id, user_account_user_id) values (491, '2022-03-18', 'Diane-marie', '2022-02-12', 'Chaddy', 'Towll', 3, 'elsom3');
insert into article_comment (id, created_at, created_by, modified_at, modified_by, content, article_id, user_account_user_id) values (225, '2022-08-30', 'Riannon', '2022-04-02', 'Tiphani', 'Wayne', 50, 'elsom1');
insert into article_comment (id, created_at, created_by, modified_at, modified_by, content, article_id, user_account_user_id) values (349, '2022-03-14', 'Ingaberg', '2022-02-16', 'Klarrisa', 'Rizzelli', 38, 'elsom3');
insert into article_comment (id, created_at, created_by, modified_at, modified_by, content, article_id, user_account_user_id) values (486, '2022-12-10', 'Sarette', '2023-01-23', 'Olly', 'Douberday', 41, 'elsom2');
insert into article_comment (id, created_at, created_by, modified_at, modified_by, content, article_id, user_account_user_id) values (258, '2022-11-24', 'Mic', '2022-12-04', 'Town', 'Clutterham', 31, 'elsom1');
insert into article_comment (id, created_at, created_by, modified_at, modified_by, content, article_id, user_account_user_id) values (420, '2022-02-23', 'Lesly', '2022-05-03', 'Hilario', 'Tuff', 100, 'elsom1');
insert into article_comment (id, created_at, created_by, modified_at, modified_by, content, article_id, user_account_user_id) values (266, '2022-09-04', 'Madeline', '2022-06-23', 'Kore', 'Surgey', 72, 'elsom3');
insert into article_comment (id, created_at, created_by, modified_at, modified_by, content, article_id, user_account_user_id) values (378, '2022-07-20', 'Barby', '2023-01-03', 'Minne', 'Dewire', 64, 'elsom1');
insert into article_comment (id, created_at, created_by, modified_at, modified_by, content, article_id, user_account_user_id) values (219, '2022-12-04', 'Bili', '2022-09-21', 'Jennine', 'Kachel', 27, 'elsom3');
insert into article_comment (id, created_at, created_by, modified_at, modified_by, content, article_id, user_account_user_id) values (405, '2022-07-12', 'Pegeen', '2022-03-14', 'Curtis', 'Entwistle', 54, 'elsom2');
insert into article_comment (id, created_at, created_by, modified_at, modified_by, content, article_id, user_account_user_id) values (442, '2022-05-24', 'Caressa', '2022-12-02', 'Clea', 'Tassell', 32, 'elsom1');
insert into article_comment (id, created_at, created_by, modified_at, modified_by, content, article_id, user_account_user_id) values (284, '2022-02-11', 'Doris', '2022-10-05', 'Giorgio', 'Halfhead', 48, 'elsom3');
insert into article_comment (id, created_at, created_by, modified_at, modified_by, content, article_id, user_account_user_id) values (241, '2022-03-15', 'Morrie', '2022-03-08', 'Angy', 'Moreinu', 47, 'elsom1');
insert into article_comment (id, created_at, created_by, modified_at, modified_by, content, article_id, user_account_user_id) values (355, '2022-09-15', 'Micki', '2022-10-09', 'Elnar', 'Dibdall', 39, 'elsom1');
insert into article_comment (id, created_at, created_by, modified_at, modified_by, content, article_id, user_account_user_id) values (459, '2022-08-23', 'Cecil', '2022-04-14', 'Urson', 'Nizard', 68, 'elsom1');
insert into article_comment (id, created_at, created_by, modified_at, modified_by, content, article_id, user_account_user_id) values (263, '2022-11-12', 'Nana', '2023-02-04', 'Liza', 'Gostick', 28, 'elsom3');
insert into article_comment (id, created_at, created_by, modified_at, modified_by, content, article_id, user_account_user_id) values (296, '2022-12-16', 'Myron', '2023-01-11', 'Analiese', 'Oleshunin', 21, 'elsom3');
insert into article_comment (id, created_at, created_by, modified_at, modified_by, content, article_id, user_account_user_id) values (202, '2022-11-26', 'Ilse', '2022-10-21', 'Kenn', 'Gudyer', 71, 'elsom1');
insert into article_comment (id, created_at, created_by, modified_at, modified_by, content, article_id, user_account_user_id) values (261, '2022-02-22', 'Ulrikaumeko', '2022-10-25', 'Obadias', 'McArdell', 27, 'elsom1');
insert into article_comment (id, created_at, created_by, modified_at, modified_by, content, article_id, user_account_user_id) values (340, '2022-10-14', 'Dorey', '2022-09-20', 'Karel', 'Lebang', 76, 'elsom2');
insert into article_comment (id, created_at, created_by, modified_at, modified_by, content, article_id, user_account_user_id) values (274, '2022-09-02', 'Ancell', '2023-01-12', 'Gunter', 'Poltone', 75, 'elsom3');
insert into article_comment (id, created_at, created_by, modified_at, modified_by, content, article_id, user_account_user_id) values (208, '2022-03-17', 'Rebecca', '2022-04-02', 'Darnall', 'Drewe', 4, 'elsom2');
insert into article_comment (id, created_at, created_by, modified_at, modified_by, content, article_id, user_account_user_id) values (245, '2022-11-03', 'Gustie', '2022-05-05', 'Inga', 'Briant', 73, 'elsom2');
insert into article_comment (id, created_at, created_by, modified_at, modified_by, content, article_id, user_account_user_id) values (362, '2022-11-23', 'Mayor', '2022-10-25', 'Dacia', 'Kirkwood', 38, 'elsom3');
insert into article_comment (id, created_at, created_by, modified_at, modified_by, content, article_id, user_account_user_id) values (320, '2023-02-05', 'Boyce', '2022-05-21', 'Montague', 'Flippini', 82, 'elsom3');
insert into article_comment (id, created_at, created_by, modified_at, modified_by, content, article_id, user_account_user_id) values (451, '2022-11-10', 'Clayborne', '2022-03-31', 'Boothe', 'Cardozo', 3, 'elsom3');
insert into article_comment (id, created_at, created_by, modified_at, modified_by, content, article_id, user_account_user_id) values (455, '2022-03-04', 'Stanislaw', '2022-07-26', 'Hadrian', 'Waitland', 65, 'elsom1');
insert into article_comment (id, created_at, created_by, modified_at, modified_by, content, article_id, user_account_user_id) values (209, '2023-01-18', 'Belinda', '2023-01-26', 'Terrel', 'Cortin', 48, 'elsom3');
insert into article_comment (id, created_at, created_by, modified_at, modified_by, content, article_id, user_account_user_id) values (206, '2022-10-06', 'Gaylord', '2022-12-07', 'Chery', 'Corbie', 47, 'elsom2');
insert into article_comment (id, created_at, created_by, modified_at, modified_by, content, article_id, user_account_user_id) values (231, '2022-06-23', 'Christa', '2023-01-16', 'Judye', 'Housbey', 14, 'elsom1');
insert into article_comment (id, created_at, created_by, modified_at, modified_by, content, article_id, user_account_user_id) values (254, '2022-03-26', 'Ortensia', '2022-02-13', 'Richy', 'Ipwell', 37, 'elsom2');
insert into article_comment (id, created_at, created_by, modified_at, modified_by, content, article_id, user_account_user_id) values (367, '2022-06-24', 'Marthe', '2022-10-15', 'Friederike', 'Lutzmann', 64, 'elsom3');
insert into article_comment (id, created_at, created_by, modified_at, modified_by, content, article_id, user_account_user_id) values (358, '2023-01-12', 'Libby', '2022-12-26', 'Mab', 'Leebetter', 37, 'elsom1');
insert into article_comment (id, created_at, created_by, modified_at, modified_by, content, article_id, user_account_user_id) values (454, '2022-09-15', 'Umeko', '2022-07-22', 'Charley', 'Alford', 36, 'elsom3');
insert into article_comment (id, created_at, created_by, modified_at, modified_by, content, article_id, user_account_user_id) values (401, '2022-03-04', 'Darcie', '2022-08-10', 'Garey', 'Lowless', 60, 'elsom3');
insert into article_comment (id, created_at, created_by, modified_at, modified_by, content, article_id, user_account_user_id) values (464, '2022-10-08', 'Tucker', '2023-01-11', 'Madella', 'Sphinxe', 14, 'elsom1');
insert into article_comment (id, created_at, created_by, modified_at, modified_by, content, article_id, user_account_user_id) values (270, '2022-08-02', 'Conni', '2022-07-23', 'Karissa', 'Orneles', 23, 'elsom1');
insert into article_comment (id, created_at, created_by, modified_at, modified_by, content, article_id, user_account_user_id) values (363, '2022-03-06', 'Dyana', '2022-11-03', 'Mellie', 'Picard', 4, 'elsom3');
insert into article_comment (id, created_at, created_by, modified_at, modified_by, content, article_id, user_account_user_id) values (362, '2022-07-20', 'Vito', '2022-07-08', 'Richmound', 'Millea', 30, 'elsom2');
insert into article_comment (id, created_at, created_by, modified_at, modified_by, content, article_id, user_account_user_id) values (268, '2022-07-13', 'Maynard', '2022-02-27', 'Gabriel', 'Lenchenko', 47, 'elsom3');
insert into article_comment (id, created_at, created_by, modified_at, modified_by, content, article_id, user_account_user_id) values (308, '2022-12-25', 'Brnaba', '2022-05-09', 'Allys', 'Ferrolli', 8, 'elsom3');
insert into article_comment (id, created_at, created_by, modified_at, modified_by, content, article_id, user_account_user_id) values (395, '2022-07-05', 'Felix', '2023-01-20', 'Blanche', 'Wasteney', 10, 'elsom3');
insert into article_comment (id, created_at, created_by, modified_at, modified_by, content, article_id, user_account_user_id) values (436, '2022-08-28', 'Joannes', '2022-08-09', 'Shirl', 'Dmisek', 60, 'elsom3');
insert into article_comment (id, created_at, created_by, modified_at, modified_by, content, article_id, user_account_user_id) values (499, '2022-11-13', 'Marchall', '2022-08-28', 'Gladys', 'Veness', 43, 'elsom1');
insert into article_comment (id, created_at, created_by, modified_at, modified_by, content, article_id, user_account_user_id) values (290, '2023-01-27', 'Shamus', '2022-02-26', 'Beverie', 'Shorten', 67, 'elsom3');
insert into article_comment (id, created_at, created_by, modified_at, modified_by, content, article_id, user_account_user_id) values (289, '2022-10-20', 'Shirlene', '2022-03-28', 'Quincey', 'Haydock', 58, 'elsom3');
insert into article_comment (id, created_at, created_by, modified_at, modified_by, content, article_id, user_account_user_id) values (376, '2023-01-12', 'Glenn', '2023-02-04', 'Rance', 'Westwick', 59, 'elsom1');
insert into article_comment (id, created_at, created_by, modified_at, modified_by, content, article_id, user_account_user_id) values (456, '2022-06-16', 'Erena', '2022-05-22', 'Noelle', 'Esby', 33, 'elsom3');
insert into article_comment (id, created_at, created_by, modified_at, modified_by, content, article_id, user_account_user_id) values (402, '2022-06-07', 'Cherida', '2022-10-11', 'Morly', 'Defrain', 93, 'elsom2');
insert into article_comment (id, created_at, created_by, modified_at, modified_by, content, article_id, user_account_user_id) values (335, '2022-08-17', 'Jeramie', '2022-04-21', 'Margeaux', 'Ege', 11, 'elsom2');
insert into article_comment (id, created_at, created_by, modified_at, modified_by, content, article_id, user_account_user_id) values (257, '2022-12-01', 'Gualterio', '2022-05-09', 'Lonni', 'Billingham', 100, 'elsom3');
insert into article_comment (id, created_at, created_by, modified_at, modified_by, content, article_id, user_account_user_id) values (283, '2022-05-28', 'Jaine', '2022-09-24', 'Bald', 'MacCambridge', 31, 'elsom1');
insert into article_comment (id, created_at, created_by, modified_at, modified_by, content, article_id, user_account_user_id) values (214, '2022-05-08', 'Nefen', '2022-11-29', 'Gerome', 'Axleby', 91, 'elsom2');
insert into article_comment (id, created_at, created_by, modified_at, modified_by, content, article_id, user_account_user_id) values (218, '2023-01-19', 'Giavani', '2022-08-19', 'Algernon', 'Ambler', 73, 'elsom3');
insert into article_comment (id, created_at, created_by, modified_at, modified_by, content, article_id, user_account_user_id) values (231, '2022-09-11', 'Atlante', '2022-10-23', 'Costanza', 'Carnilian', 90, 'elsom3');
insert into article_comment (id, created_at, created_by, modified_at, modified_by, content, article_id, user_account_user_id) values (245, '2022-10-25', 'Addie', '2022-04-09', 'Sydney', 'Macveigh', 23, 'elsom1');
insert into article_comment (id, created_at, created_by, modified_at, modified_by, content, article_id, user_account_user_id) values (203, '2022-06-06', 'Chicky', '2022-05-16', 'Ky', 'Avrahamoff', 8, 'elsom1');
insert into article_comment (id, created_at, created_by, modified_at, modified_by, content, article_id, user_account_user_id) values (297, '2023-01-31', 'Vicky', '2022-05-13', 'Nap', 'Castanho', 47, 'elsom3');
insert into article_comment (id, created_at, created_by, modified_at, modified_by, content, article_id, user_account_user_id) values (449, '2022-09-16', 'Lyle', '2022-07-25', 'Vincenty', 'Boocock', 46, 'elsom3');
insert into article_comment (id, created_at, created_by, modified_at, modified_by, content, article_id, user_account_user_id) values (220, '2022-10-11', 'Riki', '2022-05-13', 'Benjamin', 'Hunnywell', 12, 'elsom3');
insert into article_comment (id, created_at, created_by, modified_at, modified_by, content, article_id, user_account_user_id) values (276, '2022-08-10', 'Dareen', '2022-07-24', 'Jessamyn', 'Madoc-Jones', 49, 'elsom2');
insert into article_comment (id, created_at, created_by, modified_at, modified_by, content, article_id, user_account_user_id) values (436, '2022-11-20', 'Hildy', '2023-02-07', 'Winnah', 'Doe', 21, 'elsom1');
insert into article_comment (id, created_at, created_by, modified_at, modified_by, content, article_id, user_account_user_id) values (433, '2022-10-25', 'Giuseppe', '2023-02-01', 'Arlyn', 'Tace', 100, 'elsom1');
insert into article_comment (id, created_at, created_by, modified_at, modified_by, content, article_id, user_account_user_id) values (332, '2022-10-21', 'Granny', '2022-05-30', 'Lexie', 'Malamore', 12, 'elsom3');
insert into article_comment (id, created_at, created_by, modified_at, modified_by, content, article_id, user_account_user_id) values (323, '2022-11-22', 'Merci', '2022-09-19', 'Thedric', 'Kinnon', 63, 'elsom2');
insert into article_comment (id, created_at, created_by, modified_at, modified_by, content, article_id, user_account_user_id) values (299, '2022-07-20', 'Noellyn', '2022-10-28', 'Cristionna', 'Lant', 27, 'elsom2');
insert into article_comment (id, created_at, created_by, modified_at, modified_by, content, article_id, user_account_user_id) values (278, '2022-04-28', 'Carolus', '2022-07-04', 'Eberto', 'Partridge', 85, 'elsom2');
insert into article_comment (id, created_at, created_by, modified_at, modified_by, content, article_id, user_account_user_id) values (351, '2022-08-29', 'Buddie', '2022-07-28', 'Frasquito', 'Boggs', 50, 'elsom2');
insert into article_comment (id, created_at, created_by, modified_at, modified_by, content, article_id, user_account_user_id) values (313, '2022-02-14', 'Renell', '2022-05-05', 'Dotti', 'Curnok', 29, 'elsom1');
insert into article_comment (id, created_at, created_by, modified_at, modified_by, content, article_id, user_account_user_id) values (405, '2022-04-28', 'Prescott', '2022-10-07', 'Isobel', 'Santo', 20, 'elsom1');
insert into article_comment (id, created_at, created_by, modified_at, modified_by, content, article_id, user_account_user_id) values (345, '2022-10-21', 'Belinda', '2022-06-19', 'Gwendolen', 'Cromar', 17, 'elsom2');
insert into article_comment (id, created_at, created_by, modified_at, modified_by, content, article_id, user_account_user_id) values (410, '2022-12-10', 'Edita', '2022-12-30', 'Herve', 'Skeates', 69, 'elsom3');
insert into article_comment (id, created_at, created_by, modified_at, modified_by, content, article_id, user_account_user_id) values (248, '2022-08-14', 'Ariadne', '2022-04-03', 'Sherri', 'Lightollers', 97, 'elsom3');
insert into article_comment (id, created_at, created_by, modified_at, modified_by, content, article_id, user_account_user_id) values (370, '2022-06-20', 'Dorolice', '2023-01-07', 'Phylys', 'Gales', 66, 'elsom3');
insert into article_comment (id, created_at, created_by, modified_at, modified_by, content, article_id, user_account_user_id) values (396, '2022-08-08', 'Nariko', '2022-02-17', 'Edeline', 'Ogles', 27, 'elsom3');
insert into article_comment (id, created_at, created_by, modified_at, modified_by, content, article_id, user_account_user_id) values (221, '2022-06-18', 'Ingamar', '2022-06-06', 'Wendye', 'Inman', 40, 'elsom2');
insert into article_comment (id, created_at, created_by, modified_at, modified_by, content, article_id, user_account_user_id) values (282, '2022-06-01', 'Renae', '2022-03-02', 'Byrann', 'Gillum', 35, 'elsom2');
insert into article_comment (id, created_at, created_by, modified_at, modified_by, content, article_id, user_account_user_id) values (285, '2022-07-28', 'Burg', '2023-01-21', 'Archer', 'Lampet', 45, 'elsom2');
insert into article_comment (id, created_at, created_by, modified_at, modified_by, content, article_id, user_account_user_id) values (432, '2022-12-24', 'Lauryn', '2022-02-19', 'Pacorro', 'Perez', 95, 'elsom1');
insert into article_comment (id, created_at, created_by, modified_at, modified_by, content, article_id, user_account_user_id) values (315, '2022-06-11', 'Gusty', '2022-03-15', 'Chance', 'Bengough', 41, 'elsom3');
insert into article_comment (id, created_at, created_by, modified_at, modified_by, content, article_id, user_account_user_id) values (443, '2022-06-23', 'Barnebas', '2022-07-05', 'Jerrilee', 'Whiteside', 5, 'elsom3');
insert into article_comment (id, created_at, created_by, modified_at, modified_by, content, article_id, user_account_user_id) values (446, '2022-08-16', 'Revkah', '2022-03-27', 'Avery', 'Whiffin', 22, 'elsom3');
insert into article_comment (id, created_at, created_by, modified_at, modified_by, content, article_id, user_account_user_id) values (392, '2022-08-13', 'Ibrahim', '2022-03-26', 'Floria', 'Records', 34, 'elsom2');
insert into article_comment (id, created_at, created_by, modified_at, modified_by, content, article_id, user_account_user_id) values (452, '2022-11-01', 'Evita', '2022-04-20', 'Leo', 'Fynan', 54, 'elsom1');
insert into article_comment (id, created_at, created_by, modified_at, modified_by, content, article_id, user_account_user_id) values (236, '2022-10-12', 'Kikelia', '2023-02-05', 'Janeen', 'Gavan', 81, 'elsom2');
insert into article_comment (id, created_at, created_by, modified_at, modified_by, content, article_id, user_account_user_id) values (275, '2022-05-19', 'Lambert', '2022-03-12', 'Hal', 'Crookshank', 37, 'elsom1');
insert into article_comment (id, created_at, created_by, modified_at, modified_by, content, article_id, user_account_user_id) values (397, '2022-09-06', 'Devondra', '2022-10-05', 'Trudie', 'Kedslie', 67, 'elsom1');
insert into article_comment (id, created_at, created_by, modified_at, modified_by, content, article_id, user_account_user_id) values (300, '2023-01-12', 'Seamus', '2022-04-24', 'Uri', 'Carleton', 3, 'elsom1');
insert into article_comment (id, created_at, created_by, modified_at, modified_by, content, article_id, user_account_user_id) values (232, '2023-01-30', 'Kaia', '2022-05-16', 'Valeria', 'Colecrough', 71, 'elsom3');
insert into article_comment (id, created_at, created_by, modified_at, modified_by, content, article_id, user_account_user_id) values (316, '2022-07-01', 'Gillie', '2023-01-12', 'Lynn', 'Crippes', 23, 'elsom1');
insert into article_comment (id, created_at, created_by, modified_at, modified_by, content, article_id, user_account_user_id) values (230, '2022-06-03', 'Nikos', '2022-11-01', 'Fayette', 'Tague', 88, 'elsom2');
insert into article_comment (id, created_at, created_by, modified_at, modified_by, content, article_id, user_account_user_id) values (247, '2022-08-15', 'Paolo', '2022-07-19', 'Wynnie', 'Dyble', 87, 'elsom3');
insert into article_comment (id, created_at, created_by, modified_at, modified_by, content, article_id, user_account_user_id) values (242, '2022-04-25', 'Frankie', '2022-05-21', 'Tami', 'Janaszkiewicz', 55, 'elsom2');
insert into article_comment (id, created_at, created_by, modified_at, modified_by, content, article_id, user_account_user_id) values (286, '2022-03-22', 'Gil', '2022-02-22', 'Sean', 'Daynter', 29, 'elsom2');
insert into article_comment (id, created_at, created_by, modified_at, modified_by, content, article_id, user_account_user_id) values (286, '2022-11-06', 'Joycelin', '2022-06-18', 'Val', 'Hickisson', 9, 'elsom3');
insert into article_comment (id, created_at, created_by, modified_at, modified_by, content, article_id, user_account_user_id) values (392, '2022-04-14', 'Amaleta', '2022-03-07', 'Rosemarie', 'Ronnay', 25, 'elsom2');
insert into article_comment (id, created_at, created_by, modified_at, modified_by, content, article_id, user_account_user_id) values (374, '2022-10-06', 'Lorinda', '2022-07-11', 'Wilmer', 'Peirpoint', 8, 'elsom2');
insert into article_comment (id, created_at, created_by, modified_at, modified_by, content, article_id, user_account_user_id) values (412, '2022-12-23', 'Rosabel', '2022-10-08', 'Rina', 'Kloss', 2, 'elsom2');
insert into article_comment (id, created_at, created_by, modified_at, modified_by, content, article_id, user_account_user_id) values (233, '2022-03-23', 'Sandye', '2022-11-13', 'Reine', 'Rickerd', 49, 'elsom2');
insert into article_comment (id, created_at, created_by, modified_at, modified_by, content, article_id, user_account_user_id) values (440, '2022-02-12', 'Elnar', '2022-05-19', 'Leena', 'Kupper', 73, 'elsom1');
insert into article_comment (id, created_at, created_by, modified_at, modified_by, content, article_id, user_account_user_id) values (347, '2023-01-02', 'Jennica', '2023-02-02', 'Rana', 'Odom', 32, 'elsom1');
insert into article_comment (id, created_at, created_by, modified_at, modified_by, content, article_id, user_account_user_id) values (465, '2023-01-19', 'Kimble', '2022-10-10', 'Wood', 'Kopelman', 44, 'elsom1');
insert into article_comment (id, created_at, created_by, modified_at, modified_by, content, article_id, user_account_user_id) values (482, '2022-05-28', 'Lilith', '2022-06-28', 'Pryce', 'Gaggen', 61, 'elsom3');
insert into article_comment (id, created_at, created_by, modified_at, modified_by, content, article_id, user_account_user_id) values (293, '2022-11-24', 'Max', '2022-02-20', 'Darnell', 'Folds', 71, 'elsom3');
insert into article_comment (id, created_at, created_by, modified_at, modified_by, content, article_id, user_account_user_id) values (306, '2022-04-20', 'Kilian', '2022-06-20', 'Arel', 'Maidment', 15, 'elsom2');
insert into article_comment (id, created_at, created_by, modified_at, modified_by, content, article_id, user_account_user_id) values (484, '2023-01-17', 'Lanna', '2022-11-10', 'Tiffi', 'Chesterman', 28, 'elsom1');
insert into article_comment (id, created_at, created_by, modified_at, modified_by, content, article_id, user_account_user_id) values (339, '2022-03-16', 'Kore', '2022-12-14', 'Mirabelle', 'Lowmass', 73, 'elsom2');
insert into article_comment (id, created_at, created_by, modified_at, modified_by, content, article_id, user_account_user_id) values (344, '2022-06-11', 'Maryellen', '2022-06-03', 'Daffi', 'Toffetto', 95, 'elsom2');
insert into article_comment (id, created_at, created_by, modified_at, modified_by, content, article_id, user_account_user_id) values (387, '2022-03-18', 'Jennette', '2022-08-22', 'Aron', 'Vamplus', 78, 'elsom2');
insert into article_comment (id, created_at, created_by, modified_at, modified_by, content, article_id, user_account_user_id) values (366, '2022-03-07', 'Drugi', '2022-04-01', 'Chelsey', 'Garwood', 98, 'elsom2');
insert into article_comment (id, created_at, created_by, modified_at, modified_by, content, article_id, user_account_user_id) values (306, '2022-07-01', 'Aggi', '2022-06-16', 'Emalia', 'Girardet', 6, 'elsom2');
insert into article_comment (id, created_at, created_by, modified_at, modified_by, content, article_id, user_account_user_id) values (244, '2022-08-31', 'Libbi', '2022-08-29', 'Louisa', 'Trimming', 36, 'elsom2');
insert into article_comment (id, created_at, created_by, modified_at, modified_by, content, article_id, user_account_user_id) values (375, '2022-04-20', 'Eleen', '2022-02-15', 'Ramsey', 'Cradoc', 100, 'elsom1');
insert into article_comment (id, created_at, created_by, modified_at, modified_by, content, article_id, user_account_user_id) values (496, '2022-12-25', 'Justinn', '2022-08-19', 'Annora', 'Parlott', 98, 'elsom1');
insert into article_comment (id, created_at, created_by, modified_at, modified_by, content, article_id, user_account_user_id) values (440, '2022-05-01', 'Trudy', '2023-01-24', 'Leigha', 'Vasquez', 13, 'elsom1');
insert into article_comment (id, created_at, created_by, modified_at, modified_by, content, article_id, user_account_user_id) values (464, '2023-01-17', 'Moria', '2022-10-02', 'Nichole', 'Youles', 27, 'elsom1');
insert into article_comment (id, created_at, created_by, modified_at, modified_by, content, article_id, user_account_user_id) values (246, '2022-11-26', 'Lucienne', '2022-07-10', 'Pryce', 'Nutley', 48, 'elsom2');
insert into article_comment (id, created_at, created_by, modified_at, modified_by, content, article_id, user_account_user_id) values (364, '2022-06-03', 'Minnaminnie', '2022-12-27', 'Sax', 'Devas', 91, 'elsom2');
insert into article_comment (id, created_at, created_by, modified_at, modified_by, content, article_id, user_account_user_id) values (305, '2022-12-10', 'Birgit', '2022-03-11', 'Robinetta', 'Pyrah', 93, 'elsom1');
insert into article_comment (id, created_at, created_by, modified_at, modified_by, content, article_id, user_account_user_id) values (339, '2022-04-14', 'Sissy', '2022-10-22', 'Casandra', 'Dorber', 23, 'elsom1');
insert into article_comment (id, created_at, created_by, modified_at, modified_by, content, article_id, user_account_user_id) values (452, '2022-08-12', 'Lyndsie', '2022-08-12', 'Othilia', 'Donnett', 19, 'elsom3');
insert into article_comment (id, created_at, created_by, modified_at, modified_by, content, article_id, user_account_user_id) values (430, '2022-05-27', 'Karine', '2022-04-03', 'Robena', 'Hardbattle', 30, 'elsom1');
insert into article_comment (id, created_at, created_by, modified_at, modified_by, content, article_id, user_account_user_id) values (264, '2022-09-14', 'Beatriz', '2022-12-20', 'Leontine', 'Coltart', 40, 'elsom1');
insert into article_comment (id, created_at, created_by, modified_at, modified_by, content, article_id, user_account_user_id) values (206, '2022-05-14', 'Garald', '2022-06-29', 'Falito', 'Baccas', 16, 'elsom2');
insert into article_comment (id, created_at, created_by, modified_at, modified_by, content, article_id, user_account_user_id) values (372, '2022-11-07', 'Emmett', '2022-03-01', 'Cicily', 'Keyho', 45, 'elsom3');
insert into article_comment (id, created_at, created_by, modified_at, modified_by, content, article_id, user_account_user_id) values (452, '2022-06-26', 'Kenn', '2022-12-22', 'Grantley', 'Retter', 44, 'elsom2');
insert into article_comment (id, created_at, created_by, modified_at, modified_by, content, article_id, user_account_user_id) values (439, '2022-04-13', 'Stavro', '2022-11-17', 'Renado', 'Caldicott', 9, 'elsom2');
insert into article_comment (id, created_at, created_by, modified_at, modified_by, content, article_id, user_account_user_id) values (384, '2023-02-03', 'Horten', '2023-01-20', 'Elenore', 'Giovanizio', 11, 'elsom3');
insert into article_comment (id, created_at, created_by, modified_at, modified_by, content, article_id, user_account_user_id) values (472, '2022-06-16', 'Corrine', '2022-11-10', 'Monroe', 'Woolens', 10, 'elsom1');
insert into article_comment (id, created_at, created_by, modified_at, modified_by, content, article_id, user_account_user_id) values (341, '2022-09-23', 'Nikos', '2023-02-01', 'Ansel', 'Loudian', 34, 'elsom3');
insert into article_comment (id, created_at, created_by, modified_at, modified_by, content, article_id, user_account_user_id) values (254, '2022-04-28', 'Kennith', '2022-12-21', 'Morganne', 'Milton-White', 2, 'elsom1');
insert into article_comment (id, created_at, created_by, modified_at, modified_by, content, article_id, user_account_user_id) values (382, '2022-09-26', 'Gerhard', '2022-06-26', 'Tybi', 'Serrier', 63, 'elsom2');
insert into article_comment (id, created_at, created_by, modified_at, modified_by, content, article_id, user_account_user_id) values (303, '2023-01-04', 'Arney', '2022-07-06', 'Lucila', 'Foy', 76, 'elsom1');
insert into article_comment (id, created_at, created_by, modified_at, modified_by, content, article_id, user_account_user_id) values (355, '2022-11-06', 'Valli', '2022-04-12', 'Whitney', 'Bizzey', 3, 'elsom1');
insert into article_comment (id, created_at, created_by, modified_at, modified_by, content, article_id, user_account_user_id) values (412, '2022-10-08', 'Oona', '2022-07-18', 'Iggie', 'Skipp', 36, 'elsom1');
insert into article_comment (id, created_at, created_by, modified_at, modified_by, content, article_id, user_account_user_id) values (468, '2022-09-18', 'Hiram', '2022-02-12', 'Roxanne', 'Sprionghall', 49, 'elsom3');
insert into article_comment (id, created_at, created_by, modified_at, modified_by, content, article_id, user_account_user_id) values (291, '2022-08-05', 'Fletch', '2022-12-19', 'Hernando', 'Pedlingham', 36, 'elsom3');
insert into article_comment (id, created_at, created_by, modified_at, modified_by, content, article_id, user_account_user_id) values (490, '2022-11-08', 'Violet', '2022-04-04', 'Jamesy', 'Hazelton', 22, 'elsom3');
insert into article_comment (id, created_at, created_by, modified_at, modified_by, content, article_id, user_account_user_id) values (371, '2022-07-13', 'Donovan', '2022-08-23', 'Spencer', 'Causier', 22, 'elsom2');
insert into article_comment (id, created_at, created_by, modified_at, modified_by, content, article_id, user_account_user_id) values (274, '2022-10-02', 'Syman', '2022-10-12', 'Sawyer', 'McGinn', 52, 'elsom3');
insert into article_comment (id, created_at, created_by, modified_at, modified_by, content, article_id, user_account_user_id) values (351, '2022-06-23', 'Klarika', '2022-08-30', 'Gary', 'Coneau', 27, 'elsom1');
insert into article_comment (id, created_at, created_by, modified_at, modified_by, content, article_id, user_account_user_id) values (474, '2022-09-01', 'Kyrstin', '2022-08-03', 'Miguela', 'Checci', 47, 'elsom1');
insert into article_comment (id, created_at, created_by, modified_at, modified_by, content, article_id, user_account_user_id) values (432, '2022-07-05', 'Frederic', '2022-10-14', 'Way', 'Grundon', 84, 'elsom3');
insert into article_comment (id, created_at, created_by, modified_at, modified_by, content, article_id, user_account_user_id) values (384, '2023-01-23', 'Beverie', '2022-10-01', 'Jody', 'Toderbrugge', 9, 'elsom2');
insert into article_comment (id, created_at, created_by, modified_at, modified_by, content, article_id, user_account_user_id) values (432, '2022-11-29', 'Dorey', '2022-07-15', 'Minerva', 'Tittletross', 91, 'elsom1');
insert into article_comment (id, created_at, created_by, modified_at, modified_by, content, article_id, user_account_user_id) values (392, '2022-10-26', 'Teodor', '2022-03-13', 'Corette', 'Benthall', 69, 'elsom1');
insert into article_comment (id, created_at, created_by, modified_at, modified_by, content, article_id, user_account_user_id) values (390, '2022-10-25', 'Hans', '2022-11-10', 'Aurelea', 'Lomasna', 96, 'elsom2');
insert into article_comment (id, created_at, created_by, modified_at, modified_by, content, article_id, user_account_user_id) values (214, '2022-04-09', 'Cyndi', '2022-08-06', 'Dorree', 'Collingdon', 1, 'elsom3');
insert into article_comment (id, created_at, created_by, modified_at, modified_by, content, article_id, user_account_user_id) values (353, '2023-01-18', 'Serge', '2022-07-17', 'Uta', 'Jore', 13, 'elsom1');
insert into article_comment (id, created_at, created_by, modified_at, modified_by, content, article_id, user_account_user_id) values (460, '2022-07-04', 'Bevvy', '2022-03-22', 'Ameline', 'Cordova', 24, 'elsom1');
insert into article_comment (id, created_at, created_by, modified_at, modified_by, content, article_id, user_account_user_id) values (240, '2022-04-07', 'Aristotle', '2022-05-28', 'Marlin', 'Jiruch', 58, 'elsom1');
insert into article_comment (id, created_at, created_by, modified_at, modified_by, content, article_id, user_account_user_id) values (401, '2022-06-08', 'Hanni', '2022-10-05', 'Kermy', 'Wince', 27, 'elsom1');
insert into article_comment (id, created_at, created_by, modified_at, modified_by, content, article_id, user_account_user_id) values (361, '2022-06-26', 'Vivian', '2022-09-02', 'Lindy', 'Halbard', 81, 'elsom3');
insert into article_comment (id, created_at, created_by, modified_at, modified_by, content, article_id, user_account_user_id) values (424, '2022-03-24', 'Derek', '2022-08-16', 'Brod', 'Merrisson', 8, 'elsom1');
insert into article_comment (id, created_at, created_by, modified_at, modified_by, content, article_id, user_account_user_id) values (246, '2022-05-09', 'Ervin', '2023-01-24', 'Alethea', 'Janikowski', 52, 'elsom1');
insert into article_comment (id, created_at, created_by, modified_at, modified_by, content, article_id, user_account_user_id) values (441, '2023-01-21', 'Geoffrey', '2022-09-16', 'Vernice', 'Dishman', 93, 'elsom2');
insert into article_comment (id, created_at, created_by, modified_at, modified_by, content, article_id, user_account_user_id) values (374, '2023-01-15', 'Edwina', '2023-01-29', 'Corrie', 'Kopec', 43, 'elsom2');
insert into article_comment (id, created_at, created_by, modified_at, modified_by, content, article_id, user_account_user_id) values (477, '2022-11-25', 'Hymie', '2022-04-13', 'Gates', 'Jarred', 41, 'elsom2');
insert into article_comment (id, created_at, created_by, modified_at, modified_by, content, article_id, user_account_user_id) values (314, '2022-07-05', 'Ariana', '2022-03-17', 'Magdalena', 'Lillegard', 94, 'elsom3');
insert into article_comment (id, created_at, created_by, modified_at, modified_by, content, article_id, user_account_user_id) values (212, '2022-05-26', 'Beverly', '2022-11-27', 'Desdemona', 'Kisbee', 90, 'elsom3');
insert into article_comment (id, created_at, created_by, modified_at, modified_by, content, article_id, user_account_user_id) values (411, '2022-09-04', 'Crosby', '2023-01-31', 'Hilarius', 'Rickerby', 48, 'elsom3');
insert into article_comment (id, created_at, created_by, modified_at, modified_by, content, article_id, user_account_user_id) values (465, '2022-07-01', 'Ivar', '2022-12-27', 'Elset', 'Berrey', 65, 'elsom3');
insert into article_comment (id, created_at, created_by, modified_at, modified_by, content, article_id, user_account_user_id) values (366, '2022-07-28', 'Carmelle', '2022-06-09', 'Jody', 'Domaschke', 54, 'elsom2');
insert into article_comment (id, created_at, created_by, modified_at, modified_by, content, article_id, user_account_user_id) values (226, '2022-03-10', 'Drona', '2022-03-02', 'Lela', 'Sebborn', 87, 'elsom1');
insert into article_comment (id, created_at, created_by, modified_at, modified_by, content, article_id, user_account_user_id) values (228, '2022-05-31', 'Emilio', '2022-06-30', 'Lilllie', 'Leonardi', 13, 'elsom2');
insert into article_comment (id, created_at, created_by, modified_at, modified_by, content, article_id, user_account_user_id) values (468, '2022-10-19', 'Trev', '2022-03-10', 'Korrie', 'McClements', 53, 'elsom3');
insert into article_comment (id, created_at, created_by, modified_at, modified_by, content, article_id, user_account_user_id) values (218, '2022-06-10', 'Deedee', '2022-09-19', 'Burton', 'Kindell', 48, 'elsom2');
insert into article_comment (id, created_at, created_by, modified_at, modified_by, content, article_id, user_account_user_id) values (292, '2023-01-31', 'Pryce', '2022-08-09', 'Pasquale', 'Goodbur', 69, 'elsom2');
insert into article_comment (id, created_at, created_by, modified_at, modified_by, content, article_id, user_account_user_id) values (238, '2022-07-06', 'Minnaminnie', '2022-05-04', 'Trista', 'Bercher', 62, 'elsom2');
insert into article_comment (id, created_at, created_by, modified_at, modified_by, content, article_id, user_account_user_id) values (315, '2023-01-17', 'Viva', '2022-07-13', 'Riva', 'Duggon', 14, 'elsom3');
insert into article_comment (id, created_at, created_by, modified_at, modified_by, content, article_id, user_account_user_id) values (302, '2022-04-13', 'Iona', '2022-05-22', 'Micaela', 'Clail', 30, 'elsom3');
insert into article_comment (id, created_at, created_by, modified_at, modified_by, content, article_id, user_account_user_id) values (340, '2022-04-22', 'Karie', '2022-11-02', 'Hillery', 'Tann', 84, 'elsom2');
insert into article_comment (id, created_at, created_by, modified_at, modified_by, content, article_id, user_account_user_id) values (469, '2022-07-29', 'Aldrich', '2022-12-06', 'Jake', 'Klimuk', 92, 'elsom2');
insert into article_comment (id, created_at, created_by, modified_at, modified_by, content, article_id, user_account_user_id) values (487, '2022-05-07', 'Adrian', '2022-11-02', 'Mable', 'Grealy', 12, 'elsom2');
insert into article_comment (id, created_at, created_by, modified_at, modified_by, content, article_id, user_account_user_id) values (457, '2022-08-28', 'Michale', '2022-07-31', 'Coral', 'Lavigne', 61, 'elsom1');
insert into article_comment (id, created_at, created_by, modified_at, modified_by, content, article_id, user_account_user_id) values (212, '2022-02-23', 'Lucita', '2022-08-05', 'Lynett', 'Chopping', 44, 'elsom1');
